<grammar version="1.0" xml:lang="fr-FR" mode="voice" root="ruleBlink" xmlns="http://www.w3.org/2001/06/grammar" tag-format="semantics/1.0">
  <rule id="ruleBlink" scope="public">
    <example>Sarah clignotement rouge</example>
    <tag>out.action=new Object(); </tag>
    <one-of>
      
      <item>Laide rouge<tag>out.action.color="ff0000"</tag></item>
      <item>Laide verte<tag>out.action.color="00FF00"</tag></item>
      <item>Laide bleur<tag>out.action.color="0000FF"</tag></item>
      
      <item>Clignotement rouge<tag>out.action.blink="ff0000"; out.action.duration=2;</tag></item>
      <item>Clignotement verte<tag>out.action.blink="00FF00"; out.action.duration=2;</tag></item>
      <item>Clignotement bleur<tag>out.action.blink="0000FF"; out.action.duration=2;</tag></item>

      <item>Alerte rouge<tag>out.action.warn=["ff0000","886600"]; out.action.duration=3;</tag></item>
      <item>Alerte verte<tag>out.action.warn=["00ff00","008866"]; out.action.duration=3;</tag></item>
      <item>Alerte bleur<tag>out.action.warn=["0000ff","660088"]; out.action.duration=3;</tag></item>
      
    </one-of>
    <tag>out.action._attributes.uri="http://127.0.0.1:8080/sarah/blink";</tag>
  </rule>
</grammar>
